,features,sens_mean,sens_std,spec_mean,spec_std,acc_mean,acc_std,mcc_mean,mcc_std
0,A1,98.60667294,1.186519858,45.94548282,5.012691119,72.26535696,3.16739606,0.424260658,0.046739315
1,A2,65.87575609,43.51812211,37.35071869,42.16503075,50.74409348,3.742569482,0.151905223,0.275375933
2,A3,88.96877432,26.25957674,16.92048484,24.82585212,52.50515537,3.728635488,0.104684869,0.132960188
3,A4,95.66421642,2.105428598,99.47222733,0.73614204,97.56429122,1.125508273,0.970686507,0.015370314
4,B1,96.82716125,1.801370772,44.09668557,5.524044429,70.46775167,3.252797677,0.389846958,0.049380475
5,B2,94.63007544,2.427701028,99.07854994,1.229872744,96.85634951,1.300811784,0.959819788,0.021276994
6,B3,92.35878996,2.720191017,99.77076419,0.460518495,96.06534412,1.401225294,0.960096886,0.015218902
7,B4,97.85192054,1.771528631,98.24542171,1.311391995,98.04858757,1.024840079,0.963083808,0.020039928
8,all8,98.80638378,1.213694956,99.0615203,1.079467237,98.93110555,0.752121037,0.979976627,0.016201759