,features,sens_mean,sens_std,spec_mean,spec_std,acc_mean,acc_std,mcc_mean,mcc_std
0,A1,73.53805583434122,17.87694445064194,90.4519808770009,5.751247649512215,81.94834360554694,7.0231764460081925,0.732238130769103,0.06402403315349008
1,A2,4.29855088337116,2.4967042487013837,98.04858889388372,1.7770218213366347,51.15534155110427,3.913025387298067,0.27951079708870796,0.3416978919809963
2,A3,2.59321973743248,1.9038457704893583,98.43477513221522,1.62183275092031,50.50723549049816,3.747956478892124,0.2086556334533004,0.40104777305547856
3,A4,95.73814924269145,2.143270279794459,99.64678775823182,0.5883178079865569,97.6899717514127,1.1154974345676503,0.97371097632384,0.013883470769808256
4,B1,0.36578763773477474,0.8437273682331259,99.93262896237812,0.5784811241866329,50.14733564458146,3.7701546180020755,0.13402916123163536,0.2843837486864421
5,B2,94.72836832694485,2.4080907764717665,98.26974949145868,1.5424601184053621,96.48298022598883,1.363254044778197,0.9472489493747804,0.02517792240967535
6,B3,96.02424280700053,2.3899839144923414,98.64428527329865,1.2086668749421732,97.32356831022113,1.273157282549002,0.9595907249550044,0.020360330651544918
7,B4,97.59984869577106,1.829490113677288,98.28213514000961,1.3564296814109582,97.93984976887543,0.9956178903866452,0.9622892682117266,0.020036081285296253
8,all8,97.92107294940917,1.5927717031854047,99.37946648313313,0.797690627801017,98.64582691320021,0.8894568761456455,0.9802148617629887,0.014329006950454349
