,features,sens_mean,sens_std,spec_mean,spec_std,acc_mean,acc_std,mcc_mean,mcc_std
0,A1,86.49107863,15.07917267,88.66575579,5.383897509,87.56644196,5.617102913,0.77537461,0.048030407
1,A2,4.57677872,2.334837322,96.9731218,1.894955848,50.7681433,3.756234729,0.149816061,0.28554009
2,A3,2.952546558,2.013039999,97.80158137,1.59997349,50.38018747,3.726500743,0.100691153,0.36749942
3,A4,95.80475312,2.140273796,99.74006857,0.486042855,97.77499358,1.100272197,0.975570973,0.013006177
4,B1,1.251777509,1.751819389,98.66995294,1.617919943,49.95265152,3.651830613,-0.030999714,0.330200146
5,B2,95.29130012,2.316653544,97.43719977,1.762370035,96.37794042,1.289314527,0.938332424,0.026244129
6,B3,96.30295324,2.192308538,98.64528065,1.145257402,97.46963919,1.235425571,0.961037007,0.020447852
7,B4,97.64013832,1.959348952,98.33763077,1.281896615,97.98874551,1.081009042,0.963310072,0.020039979
8,all8,97.08321105,2.010602879,99.41736265,0.710400903,98.24790062,1.059845295,0.976748192,0.014471972