,features,sens_mean,sens_std,spec_mean,spec_std,acc_mean,acc_std,mcc_mean,mcc_std
0,A1,41.9880409,16.48876347,52.76634482,7.324548377,46.86481125,6.422406706,-0.079251128,0.148544531
1,A2,49.32916884,46.6838284,50.25187733,45.27429881,47.42046097,2.822368534,0.009057512,0.298878861
2,A3,50.84906118,47.92369376,49.35748517,45.41631833,47.64885722,3.216241529,-0.056889652,0.340464883
3,A4,95.81854474,2.025142783,99.54818632,0.637545484,97.67881356,1.054229335,0.972575061,0.013530752
4,B1,79.33447932,35.58482824,34.53518597,12.20033222,55.90317797,13.41105034,0.08234252,0.394665965
5,B2,94.69715899,2.416490954,98.41565252,1.154542601,96.55313303,1.340156776,0.949560153,0.021396101
6,B3,89.91271943,3.275854526,99.77538197,0.450858938,94.83627375,1.69408613,0.949167382,0.017112109
7,B4,98.173644,1.386268559,98.19106986,1.170878218,98.17767078,0.910137087,0.963656814,0.018890148
8,all8,98.31539453,1.432340419,99.2340284,0.931409199,98.76924114,0.781261507,0.980008017,0.014389131