,features,sens_mean,sens_std,spec_mean,spec_std,acc_mean,acc_std,mcc_mean,mcc_std
0,A1,41.995419985744604,16.241453610271684,52.70036855367965,7.172205015755282,46.82014637904467,6.267281788072179,-0.07967416875100974,0.14443573473413962
1,A2,46.69291781282682,46.6058610379776,52.3608536471403,45.24816869259851,47.12767077555209,2.8136032693588087,-0.01730833467078067,0.2857405474760823
2,A3,48.67888567856868,47.88167701636093,51.207933741586565,45.34173621539323,47.48086800205442,3.145690921576009,-0.06502617066467721,0.30138709504426336
3,A4,95.76169543615993,1.9954820291222077,99.54192190445073,0.6653068786385399,97.65280559835668,1.0623693818879836,0.9723466418833483,0.014292341735540516
4,B1,78.52884457947225,36.3398656438547,34.701872477925285,12.172722302011397,55.510387776065755,13.684040757261629,0.0684738669040174,0.40749863238496103
5,B2,94.87346201497489,2.2887818310988033,98.36316459221766,1.21661924104824,96.61451592193112,1.3121618457184523,0.9495685879644781,0.022228233245317103
6,B3,89.90412122614325,2.980258811932714,99.76871367386887,0.4643938220507656,94.83945172059569,1.558526476161972,0.9491861532674688,0.016747133074454627
7,B4,98.13334935279941,1.3320895634168344,98.19128890225485,1.3178697593661164,98.15836543400133,0.9473254816653983,0.9634994149862881,0.020903836318729847
8,all8,98.40789055152541,1.2744512446424863,99.04793601493431,1.0432606083855311,98.72622624550614,0.8104597857352543,0.9777441305929566,0.016753087982995418
