,features,sens_mean,sens_std,spec_mean,spec_std,acc_mean,acc_std,mcc_mean,mcc_std
0,A1,96.9582966,1.776841495,85.53080015,3.365747617,91.24194915,1.962841956,0.78682013,0.045070641
1,A2,89.21706545,27.28220079,18.38462443,25.98574394,52.95229841,3.465642806,0.139406749,0.1025625
2,A3,96.71876817,11.19931112,11.39598966,10.85386203,53.86398947,3.444884534,0.129353943,0.061385053
3,A4,95.56625111,2.21211524,99.57042235,0.627682175,97.56773241,1.136489028,0.971727944,0.014122185
4,B1,95.12348534,2.624064501,72.25901836,4.425895854,83.6963662,2.561786629,0.62510633,0.051038237
5,B2,94.80845622,2.438542197,98.42405136,1.627658306,96.61526066,1.374627287,0.950462998,0.025983799
6,B3,89.74990557,3.269460228,99.77698534,0.44770112,94.76423986,1.671332545,0.948555261,0.016850564
7,B4,97.79063691,1.598112864,98.2151972,1.281964019,98.00338341,0.983587257,0.962152976,0.020147173
8,all8,99.03035183,1.076475637,98.857903,1.056879294,98.94471623,0.710418275,0.978083751,0.016150389