,features,sens_mean,sens_std,spec_mean,spec_std,acc_mean,acc_std,mcc_mean,mcc_std
0,A1,97.03262459695375,1.733116765237174,85.53880221537834,3.187366483309416,91.27745249101179,1.8465491993014178,0.7872971036635716,0.042784941300167745
1,A2,91.21840831275567,24.09282432475463,16.34851897182832,22.949952277555703,53.040286337955855,3.3717390965287777,0.132757628151896,0.08737313879783229
2,A3,96.72507182473043,10.564592057722288,11.295874000045915,10.062941976870098,53.82955829481253,3.297203854007878,0.12644073873487646,0.058937406429505235
3,A4,95.75652980309451,2.0448921369025217,99.56608052484873,0.6297532095490099,97.66077298407832,1.0559589197905042,0.9726505378190253,0.013474025980455275
4,B1,95.04127746384498,2.6127597091537953,72.34538599513874,4.329715995313417,83.68723035439146,2.3983698161298066,0.6252816822117908,0.048067962534025316
5,B2,94.84754980109577,2.323196874018718,98.57195566983877,1.5183888630203173,96.70618900873139,1.3233311513086443,0.9528944243304094,0.02465121003729478
6,B3,89.81407616763076,3.218671725875781,99.7724459105499,0.45664976946562874,94.79311119671279,1.6614172421521634,0.9488005311247361,0.017259948515856036
7,B4,98.03201067359426,1.6367862353559164,98.19525239219125,1.298808291948206,98.11655752439685,0.9890895027095865,0.9632576816203113,0.020113197272432503
8,all8,99.0197037391268,1.0900386686832122,98.88455639364491,1.061123700816479,98.95475731895257,0.7045706135550929,0.9785650429486411,0.015787790326293613
