,features,mean,std
0,G432,0.095813559,0.010910599
2,N307,0.07969295,0.01094458
1,N413,0.073217087,0.009324975
3,L434,0.068338134,0.007572122
4,G433,0.065453008,0.008915096
8,A371,0.052488636,0.006497176
5,S87,0.051633886,0.009202922
7,N410,0.048760622,0.006850851
10,P177,0.048730234,0.009011247
12,S174,0.045943291,0.00519127
17,T296,0.044444392,0.005476799
6,S379,0.043988351,0.009055744
13,P229,0.040771424,0.005493877
9,D413,0.039065027,0.005732908
14,S431,0.038588853,0.004529545
19,T48,0.037033187,0.005624501
18,L375,0.035744117,0.004498856
16,A76,0.032300671,0.005803571
11,W40,0.03028289,0.007713581
15,K135,0.027709678,0.005431906