,features,mean,std
0,G432,0.05885616,0.009435645
1,N413,0.045506716,0.008199583
2,N307,0.048211191,0.009422238
3,L434,0.04566664,0.006153036
4,G433,0.043063453,0.007665305
5,S87,0.0315738,0.007267024
6,S379,0.025255795,0.006391922
7,N410,0.026010083,0.00577885
8,A371,0.027168229,0.005034758
9,D413,0.021572915,0.004736946
10,P177,0.025093802,0.006409291
11,W40,0.015853114,0.004592059
12,S174,0.020597574,0.003910872
13,P229,0.018031252,0.004108029
14,S431,0.019134131,0.003591751
15,K135,0.013967838,0.004512193
16,A76,0.015551263,0.004536462
17,T296,0.020479375,0.004132917
18,L375,0.018229267,0.003479268
19,T48,0.016239912,0.004489208
20,Q2,0.016143855,0.003965561
21,D272,0.014595712,0.003899516
22,S398,0.02280082,0.003667351
23,A409,0.020785389,0.003600789
24,T336,0.018716295,0.002955433
25,L123,0.017480709,0.00390817
26,N103,0.010414275,0.002865244
27,V183,0.008850432,0.002590522
28,I421,0.009188768,0.002910974
29,S414,0.014946958,0.00236519
30,T433,0.020465388,0.003749948
31,C4,0.013963586,0.002299139
32,S22,0.01906162,0.002730962
33,S433,0.02346534,0.003864698
34,M140,0.008345824,0.002318773
35,H42,0.007830086,0.002313152
36,P396,0.013137165,0.002231044
37,N94,0.014454994,0.00257165
38,C72,0.014019213,0.002160329
39,Q268,0.016201837,0.002218644
40,T226,0.007609499,0.003202459
41,K258,0.015551535,0.002833985
42,T341,0.018385981,0.003392993
43,G296,0.007279258,0.002204531
44,I221,0.016386695,0.002392014
45,N135,0.014856857,0.001934885
46,T44,0.016309426,0.002136849
47,T66,0.01559318,0.00286131
48,L364,0.019547774,0.00275284
49,N37,0.00754902,0.001638186